<?xml version="1.0" encoding="UTF-8"?>
<!DOCTYPE mapper
PUBLIC "-//mybatis.org//DTD Mapper 3.0//EN"
"http://mybatis.org/dtd/mybatis-3-mapper.dtd">
<mapper namespace="com.oz.ozHouse.merchant.mapper.brandMapper">

	<select id="selectComNum" parameterType="String" resultType="MerchantDTO">
		select mer_comnum1, mer_comnum2, mer_comnum3 from merchant 
		where mer_num = #{mer_num}
	</select>
	
	<select id="selectCate" resultType="CategoryDTO">
		select * from category
	</select>
	
	<insert id="application" parameterType="InbrandDTO">
		insert into inbrand values(
			inbrand_num_seq.nextval,
			#{mer_num},
			#{inbrand_company},
			#{inbrand_comnum1},
			#{inbrand_comnum2},
			#{inbrand_comnum3},
			#{inbrand_homepage},
			#{inbrand_manname},
			#{inbrand_manhp1},
			#{inbrand_manhp2},
			#{inbrand_manhp3},
			#{inbrand_manemail},
			#{inbrand_category},
			#{inbrand_othershop},
			#{inbrand_file},
			sysdate,
			'0')
	</insert>
	
	<select id="applicationList" parameterType="int" resultType="ApplicationDTO">
		SELECT * FROM INBRAND i JOIN MERCHANT m ON i.MER_NUM = m.MER_NUM WHERE i.MER_NUM = #{mer_num}
	</select>
	
	<select id="selectMer" parameterType="int" resultType="InbrandDTO">
		select * from inbrand where mer_num = #{mer_num}
	</select>
	
	<update id="brandCancelUpdate" parameterType="int">
		update inbrand set inbrand_canceldate = sysdate where inbrand_num = #{inbrand_num}
	</update>
	
	<delete id="deleteInbrand" parameterType="int">
		delete from inbrand where inbrand_num = #{inbrand_num}
	</delete>
	
	<select id="selectCateName" parameterType="int" resultType="String">
		select category_name from category where CATEGORY_NUM = #{inbrand_category}
	</select>
</mapper>