<?xml version="1.0" encoding="UTF-8" ?> 
<!DOCTYPE mapper
 PUBLIC "-//mybatis.org//DTD Mapper 3.0//EN"
 "http://mybatis.org/dtd/mybatis-3-mapper.dtd"> 
<mapper namespace="com.oz.ozHouse.merchant.mapper.mainMapper"> 
	<select id="noticeMainList" resultType="NoticeDTO">
		select * from (
		select * from notice order by notice_date desc)
		where rownum between 1 and 6
	</select>
	
	<select id="noticeDetail" resultType="NoticeDTO" parameterType="int">
		select * from notice where notice_num = #{notice_num}
	</select>
	
	<select id="noticeList" resultType="NoticeDTO">
		select * from notice
	</select>
	
	<select id="findNotice" resultType="NoticeDTO" parameterType="String">
    select * from notice where notice_title like '%' || #{notice_title} || '%'
	</select>
	
</mapper>