<?xml version="1.0" encoding="UTF-8" ?> 
<!DOCTYPE mapper
 PUBLIC "-//mybatis.org//DTD Mapper 3.0//EN"
 "http://mybatis.org/dtd/mybatis-3-mapper.dtd"> 
<mapper namespace="com.oz.ozHouse.merchant.mapper.productManagementMapper">

	<insert id="insertProduct" parameterType="productDTO">
		insert into product values (product_num_seq.nextval,#{product_name},#{category_num},#{mer_num},#{product_image},#{product_image_pro},#{product_quantity},#{product_price},#{product_modifier},#{product_point},sysdate,'',0,'f',#{product_assembly_cost},#{product_discount_rate},#{product_discount_price}, #{product_image_pro_change}, #{product_image_change})
	</insert>
	
	<select id="listCate" resultType="categoryDTO">
		select * from category
	</select>
	
	<select id="getInbrandByMerNum" parameterType="int" resultType="InbrandDTO">
    	SELECT * FROM inbrand WHERE mer_num = #{mer_num}
	</select>
	
	<select id="getCategoryByNum" parameterType="int" resultType="CategoryDTO">
	    SELECT * FROM category WHERE category_num = #{category_num}
	</select>
	
	<update id="deleteRe" parameterType="int">
		update product set product_approval_status='dr', product_input_date = sysdate where product_num = #{product_num}
	</update>
	
	<select id="getProduct" parameterType="java.util.Map" resultType="productDTO">
		select * from product where ${key} = #{value}
	</select>
	
	<update id="updateRe" parameterType="int">
		update product set product_approval_status='ur', product_input_date = sysdate where product_num = #{product_num}
	</update> 
	
	<insert id="insertReProduct" parameterType="requestproductDTO">
		insert into requestproduct values (#{product_num},#{product_name},#{category_num},#{product_image},#{product_image_pro},#{product_quantity},#{product_price},#{product_modifier},#{product_point},#{product_assembly_cost},#{product_discount_rate},#{product_discount_price})
	</insert>
	
	<update id="updateStock" parameterType="java.util.Map">
	    update product set product_quantity=#{product_quantity} where product_num = #{product_num}
	</update>
	
	<select id="stockListCount" parameterType="java.util.Map" resultType="int">
	    SELECT COUNT(*)
	    FROM product p
	    LEFT JOIN category c ON p.category_num = c.category_num
	    WHERE p.mer_num = #{mer_num}
	    <if test="stock != null">
	        <choose>
	            <when test="stock == 'out'">
	                AND p.product_quantity = 0
	            </when>
	            <when test="stock == 'almost_out'">
	                AND p.product_quantity BETWEEN 1 AND 5
	            </when>
	            <when test="stock == 'good'">
	                AND p.product_quantity > 5
	            </when>
	        </choose>
	    </if>
	    <if test="search != null and searchString != null and searchString != ''">
	        <choose>
	            <when test="search == 'product_num'">
	                AND p.product_num LIKE '%' || #{searchString} || '%'
	            </when>
	            <when test="search == 'product_name'">
	                AND p.product_name LIKE '%' || #{searchString} || '%'
	            </when>
	            <when test="search == 'category_name'">
	                AND c.category_name LIKE '%' || #{searchString} || '%'
	            </when>
	        </choose>
	    </if>
	</select>
	
	<select id="requestListCount" parameterType="java.util.Map" resultType="int">
	    SELECT COUNT(*)
	    FROM product p
	    LEFT JOIN category c ON p.category_num = c.category_num
	    <where>
	    	p.mer_num=#{mer_num}
	        <if test="product_approval_status != null and product_approval_status != 'all'">
	            <choose>
	                <when test="product_approval_status == 'approval_cancle'">
	                    AND product_approval_status in ('fc', 'dc', 'uc')
	                </when>
	                <when test="product_approval_status == 'approval_wait'">
	                    AND product_approval_status in ('f', 'dr', 'ur')
	                </when>
	                <when test="product_approval_status == 'approval_pend'">
	                    AND product_approval_status = 're'
	                </when>
	                <when test="product_approval_status == 'approval_consideration'">
	                    AND product_approval_status = 'ca'
	                </when>
	                <when test="product_approval_status == 'approval_ok'">
	                    AND product_approval_status = 'ro'
	                </when>
	                <when test="product_approval_status == 'approved'">
	                    AND product_approval_status = 'ok'
	                </when>
	            </choose>
	        </if>
	        <if test="startDate != null and startDate != '' and endDate != null and endDate != ''">
	            AND product_input_date BETWEEN #{startDate} AND #{endDate}
	        </if>
	        <if test="search != null and searchString != null and searchString != ''">
	            <choose>
	                <when test="search == 'product_num'">
	                    AND product_num LIKE '%' || #{searchString} || '%'
	                </when>
	                <when test="search == 'product_name'">
	                    AND product_name LIKE '%' || #{searchString} || '%'
	                </when>
	                <when test="search == 'category_name'">
	                    AND c.category_name LIKE '%' || #{searchString} || '%'
	                </when>
	            </choose>
	        </if>
	    </where>
	</select>
	
	<select id="stockListProduct" parameterType="java.util.Map" resultType="productDTO">
   		SELECT p.*, c.category_name
	    FROM product p
	    LEFT JOIN category c ON p.category_num = c.category_num
	    WHERE p.mer_num = #{mer_num}
	    <if test="stock != null">
	        <choose>
	            <when test="stock == 'out'">
	                AND p.product_quantity = 0
	            </when>
	            <when test="stock == 'almost_out'">
	                AND p.product_quantity BETWEEN 1 AND 5
	            </when>
	            <when test="stock == 'good'">
	                AND p.product_quantity &gt; 5
	            </when>
	        </choose>
	    </if>
	    <if test="search != null and searchString != null and searchString != ''">
	        <choose>
	            <when test="search == 'product_num'">
	                AND p.product_num LIKE '%' || #{searchString} || '%'
	            </when>
	            <when test="search == 'product_name'">
	                AND p.product_name LIKE '%' || #{searchString} || '%'
	            </when>
	            <when test="search == 'category_name'">
                	AND c.category_name LIKE '%' || #{searchString} || '%'
	            </when>
	        </choose>
	    </if>
	</select>
	
	<select id="requestListProduct" parameterType="java.util.Map" resultType="productDTO">
	    SELECT p.*, c.category_name
	    FROM product p
	    LEFT JOIN category c ON p.category_num = c.category_num
	    <where>
	    	p.mer_num=#{mer_num}
	        <if test="product_approval_status != null and product_approval_status != 'all'">
	            <choose>
	                <when test="product_approval_status == 'approval_cancle'">
	                    AND product_approval_status in ('fc', 'dc', 'uc')
	                </when>
	                <when test="product_approval_status == 'approval_wait'">
	                    AND product_approval_status in ('f', 'dr', 'ur')
	                </when>
	                <when test="product_approval_status == 'approval_pend'">
	                    AND product_approval_status = 're'
	                </when>
	                <when test="product_approval_status == 'approval_consideration'">
	                    AND product_approval_status = 'ca'
	                </when>
	                <when test="product_approval_status == 'approval_ok'">
	                    AND product_approval_status = 'ro'
	                </when>
	                <when test="product_approval_status == 'approved'">
	                    AND product_approval_status = 'ok'
	                </when>
	            </choose>
	        </if>
	        <if test="startDate != null and startDate != '' and endDate != null and endDate != ''">
	            AND product_input_date BETWEEN #{startDate} AND #{endDate}
	        </if>
	        <if test="search != null and searchString != null and searchString != ''">
	            <choose>
	                <when test="search == 'product_num'">
	                    AND product_num LIKE '%' || #{searchString} || '%'
	                </when>
	                <when test="search == 'product_name'">
	                    AND product_name LIKE '%' || #{searchString} || '%'
	                </when>
	                <when test="search == 'category_name'">
	                    AND c.category_name LIKE '%' || #{searchString} || '%'
	                </when>
	            </choose>
	        </if>
	    </where>
	</select>
		
	<select id="listProduct" parameterType="java.util.Map" resultType="productDTO">
		SELECT p.*, c.category_name
	    FROM product p
	    LEFT JOIN category c ON p.category_num = c.category_num
	    WHERE p.mer_num = #{mer_num}
	    <if test="stock != null and stock != ''">
	        <choose>
	            <when test="stock == 'out'">
	                AND p.product_quantity = 0
	            </when>
	            <when test="stock == 'almost_out'">
	                AND p.product_quantity BETWEEN 1 AND 5
	            </when>
	            <when test="stock == 'good'">
	                AND p.product_quantity > 5
	            </when>
	        </choose>
	    </if>
	    <if test="product_approval_status != null and product_approval_status != 'all'">
            <choose>
                <when test="product_approval_status == 'approval_cancle'">
                    AND product_approval_status in ('fc', 'dc', 'uc')
                </when>
                <when test="product_approval_status == 'approval_wait'">
                    AND product_approval_status in ('f', 'dr', 'ur')
                </when>
                <when test="product_approval_status == 'approval_pend'">
                    AND product_approval_status = 're'
                </when>
                <when test="product_approval_status == 'approval_consideration'">
                    AND product_approval_status = 'ca'
                </when>
                <when test="product_approval_status == 'approval_ok'">
                    AND product_approval_status = 'ro'
                </when>
                <when test="product_approval_status == 'approved'">
                    AND product_approval_status = 'ok'
                </when>
            </choose>
        </if>
	    <if test="startDate != null and startDate != '' and endDate != null and endDate != ''">
	        AND p.product_input_date BETWEEN #{startDate} AND #{endDate}
	    </if>
	    <if test="search != null and searchString != null and searchString != ''">
	        <choose>
	            <when test="search == 'product_num'">
	                AND p.product_num LIKE '%' || #{searchString} || '%'
	            </when>
	            <when test="search == 'product_name'">
	                AND p.product_name LIKE '%' || #{searchString} || '%'
	            </when>
	            <when test="search == 'category_name'">
                    AND c.category_name LIKE '%' || #{searchString} || '%'
                </when>
	        </choose>
	    </if>
	</select>
	
	<select id="listCount" parameterType="java.util.Map" resultType="int">
		SELECT COUNT(*)
	    FROM product p
	    LEFT JOIN category c ON p.category_num = c.category_num
	    WHERE p.mer_num = #{mer_num}
	    <if test="stock != null and stock != ''">
	        <choose>
	            <when test="stock == 'out'">
	                AND p.product_quantity = 0
	            </when>
	            <when test="stock == 'almost_out'">
	                AND p.product_quantity BETWEEN 1 AND 5
	            </when>
	            <when test="stock == 'good'">
	                AND p.product_quantity > 5
	            </when>
	        </choose>
	    </if>
	    <if test="product_approval_status != null and product_approval_status != 'all'">
            <choose>
                <when test="product_approval_status == 'approval_cancle'">
                    AND product_approval_status in ('fc', 'dc', 'uc')
                </when>
                <when test="product_approval_status == 'approval_wait'">
                    AND product_approval_status in ('f', 'dr', 'ur')
                </when>
                <when test="product_approval_status == 'approval_pend'">
                    AND product_approval_status = 're'
                </when>
                <when test="product_approval_status == 'approval_consideration'">
                    AND product_approval_status = 'ca'
                </when>
                <when test="product_approval_status == 'approval_ok'">
                    AND product_approval_status = 'ro'
                </when>
                <when test="product_approval_status == 'approved'">
                    AND product_approval_status = 'ok'
                </when>
            </choose>
        </if>
	    <if test="startDate != null and startDate != '' and endDate != null and endDate != ''">
	        AND p.product_input_date BETWEEN #{startDate} AND #{endDate}
	    </if>
	    <if test="search != null and searchString != null and searchString != ''">
	        <choose>
	            <when test="search == 'product_num'">
	                AND p.product_num LIKE '%' || #{searchString} || '%'
	            </when>
	            <when test="search == 'product_name'">
	                AND p.product_name LIKE '%' || #{searchString} || '%'
	            </when>
	            <when test="search == 'category_name'">
                    AND c.category_name LIKE '%' || #{searchString} || '%'
                </when>
	        </choose>
	    </if>
	</select>
	
	<update id="fcancle" parameterType="int">
		update product set product_approval_status='fc', product_input_date = sysdate where product_num = #{product_num}
	</update>
	
	<update id="dcancle" parameterType="int">
		update product set product_approval_status='dc', product_input_date = sysdate where product_num = #{product_num}
	</update>
	
	<update id="ucancle" parameterType="int">
		update product set product_approval_status='uc', product_input_date = sysdate where product_num = #{product_num}
	</update>
	

</mapper>